Source,Target,Type,Id,Label
PA10084,PA164783809,Directed,1657,
PA10084,PA451249,Directed,1639,
PA10084,PA10034,Directed,1414,
PA10084,PA451250,Directed,1411,
PA10084,PA448785,Directed,1234,
PA450085,PA10084,Directed,794,
PA10074,PA449072,Directed,1547,
PA10074,PA451666,Directed,1545,
PA10074,PA448486,Directed,1532,
PA10074,PA449841,Directed,1472,
PA10074,PA449422,Directed,1437,
PA10074,PA450401,Directed,1428,
PA10074,PA449493,Directed,1427,
PA10074,PA164742986,Directed,1350,
PA10074,PA451107,Directed,1345,
PA10074,PA451112,Directed,1309,
PA10074,PA451108,Directed,1305,
PA10074,PA451457,Directed,1299,
PA10074,PA448964,Directed,1294,
PA10074,PA448383,Directed,1290,
PA10074,PA164754755,Directed,1289,
PA10074,PA451209,Directed,1288,
PA10074,PA450850,Directed,1287,
PA10074,PA449958,Directed,1284,
PA10074,PA450386,Directed,1283,
PA10074,PA450705,Directed,1282,
PA10074,PA449839,Directed,1281,
PA10074,PA449373,Directed,1280,
PA10074,PA449011,Directed,1279,
PA10074,PA449389,Directed,1278,
PA10074,PA450903,Directed,1277,
PA10074,PA153619853,Directed,1265,
PA10074,PA450101,Directed,1264,
PA10074,PA451472,Directed,1252,
PA10074,PA450555,Directed,1251,
PA10074,PA448498,Directed,1250,
PA10074,PA448948,Directed,1249,
PA10074,PA449015,Directed,1230,
PA10074,PA449646,Directed,1225,
PA10074,PA451741,Directed,1216,
PA10074,PA448519,Directed,636,
PA10074,PA450965,Directed,593,
PA10074,PA449028,Directed,555,
PA451107,PA10074,Directed,1715,
PA448486,PA10074,Directed,1714,
PA164754755,PA10074,Directed,1701,
PA450386,PA10074,Directed,1700,
PA448498,PA10074,Directed,1680,
PA451666,PA10074,Directed,1587,
PA449373,PA10074,Directed,1583,
PA450555,PA10074,Directed,1580,
PA449011,PA10074,Directed,1546,
PA449958,PA10074,Directed,1515,
PA449389,PA10074,Directed,1514,
PA449839,PA10074,Directed,1424,
PA451472,PA10074,Directed,1419,
PA449493,PA10074,Directed,1059,
PA450705,PA10074,Directed,1039,
PA448383,PA10074,Directed,1037,
PA153619853,PA10074,Directed,988,
PA449015,PA10074,Directed,987,
PA449646,PA10074,Directed,974,
PA448948,PA10074,Directed,973,
PA450850,PA10074,Directed,916,
PA451108,PA10074,Directed,913,
PA451457,PA10074,Directed,731,
PA451209,PA10074,Directed,730,
PA450401,PA10074,Directed,687,
PA449422,PA10074,Directed,686,
PA448964,PA10074,Directed,605,
PA164742986,PA10074,Directed,604,
PA449028,PA10074,Directed,318,
PA450965,PA10074,Directed,317,
PA448519,PA10074,Directed,316,
PA449841,PA10074,Directed,265,
PA449273,PA450101,Directed,854,
PA449273,PA450903,Directed,714,
PA449273,PA451741,Directed,669,
PA449273,PA451112,Directed,653,
PA449977,PA164783809,Directed,1570,
PA449977,PA451249,Directed,1566,
PA449977,PA451250,Directed,1207,
PA449977,PA10034,Directed,1199,
PA449977,PA448785,Directed,1113,
PA164747651,PA449977,Directed,1363,
PA450085,PA449977,Directed,757,
PA164743028,PA449977,Directed,399,
00682,PA450494,Directed,1064,
PA451701,00379,Directed,1618,
PA451701,PA451955,Directed,1432,
PA451701,PA448383,Directed,1397,
PA451701,PA449690,Directed,1354,
PA451701,01182,Directed,1296,
PA451701,PA449009,Directed,1291,
PA450386,PA449958,Directed,1754,
PA450386,PA164754755,Directed,1752,
PA450386,PA451107,Directed,1750,
PA450386,PA449389,Directed,1748,
PA450386,PA451472,Directed,1746,
PA450386,PA449839,Directed,1745,
PA450386,PA449011,Directed,1742,
PA450386,PA449373,Directed,1739,
PA450386,PA450555,Directed,1735,
PA450386,PA448498,Directed,1702,
PA450386,PA449646,Directed,1698,
PA450386,PA448948,Directed,1695,
PA450386,PA450705,Directed,1693,
PA450386,PA451209,Directed,1691,
PA450386,PA451457,Directed,1689,
PA450386,PA448383,Directed,1686,
PA450386,PA450850,Directed,1684,
PA450386,PA451108,Directed,1683,
PA450386,PA449015,Directed,1503,
PA450386,PA164742986,Directed,1494,
PA450386,PA153619853,Directed,1490,
PA450386,PA448964,Directed,1488,
PA450386,PA449841,Directed,1470,
PA450386,PA450401,Directed,1430,
PA450386,PA449422,Directed,1425,
PA450386,PA449493,Directed,1422,
PA450386,PA450965,Directed,1378,
PA450386,PA448519,Directed,1375,
PA450386,PA449028,Directed,1243,
PA450386,PA449072,Directed,1232,
PA450386,PA451666,Directed,1226,
PA450386,PA448486,Directed,1223,
PA164754755,PA450386,Directed,1753,
PA451666,PA450386,Directed,1671,
PA449839,PA450386,Directed,1661,
PA451472,PA450386,Directed,1660,
PA450555,PA450386,Directed,1626,
PA449373,PA450386,Directed,1623,
PA450705,PA450386,Directed,1592,
PA448383,PA450386,Directed,1588,
PA449011,PA450386,Directed,1579,
PA449958,PA450386,Directed,1341,
PA449389,PA450386,Directed,1340,
PA448498,PA450386,Directed,1339,
PA448948,PA450386,Directed,1337,
PA451457,PA450386,Directed,1257,
PA450850,PA450386,Directed,1187,
PA451108,PA450386,Directed,1183,
PA153619853,PA450386,Directed,1156,
PA449015,PA450386,Directed,1153,
PA451107,PA450386,Directed,1107,
PA448486,PA450386,Directed,1105,
PA448964,PA450386,Directed,1067,
PA164742986,PA450386,Directed,1066,
PA451209,PA450386,Directed,845,
PA450401,PA450386,Directed,739,
PA449422,PA450386,Directed,738,
PA448519,PA450386,Directed,734,
PA449493,PA450386,Directed,680,
PA449646,PA450386,Directed,449,
PA449841,PA450386,Directed,359,
PA449028,PA450386,Directed,347,
PA450965,PA450386,Directed,346,
00682,PA449957,Directed,440,
PA448497,PA450428,Directed,1134,
PA448586,PA451741,Directed,1483,
PA448586,PA451112,Directed,1474,
PA448586,PA450903,Directed,1360,
PA448586,PA450101,Directed,1109,
PA451666,PA448486,Directed,1729,
PA451666,PA449072,Directed,1726,
PA451666,PA451107,Directed,1673,
PA451666,PA449958,Directed,1672,
PA451666,PA164754755,Directed,1670,
PA451666,PA449389,Directed,1666,
PA451666,PA449373,Directed,1616,
PA451666,PA449011,Directed,1615,
PA451666,PA451472,Directed,1602,
PA451666,PA450555,Directed,1601,
PA451666,PA449839,Directed,1600,
PA451666,PA448498,Directed,1584,
PA451666,PA448948,Directed,1548,
PA451666,PA449646,Directed,1530,
PA451666,PA451108,Directed,1506,
PA451666,PA451457,Directed,1505,
PA451666,PA450850,Directed,1496,
PA451666,PA451209,Directed,1493,
PA451666,PA448383,Directed,1484,
PA451666,PA450705,Directed,1478,
PA451666,PA153619853,Directed,1445,
PA451666,PA449015,Directed,1440,
PA451666,PA164742986,Directed,1438,
PA451666,PA448964,Directed,1393,
PA451666,PA449493,Directed,1387,
PA451666,PA449422,Directed,1386,
PA451666,PA450401,Directed,1383,
PA451666,PA449841,Directed,1370,
PA451666,PA448519,Directed,1352,
PA451666,PA450965,Directed,1298,
PA451666,PA449028,Directed,1266,
PA448498,PA451666,Directed,1542,
PA451472,PA451666,Directed,1525,
PA449839,PA451666,Directed,1520,
PA449958,PA451666,Directed,1402,
PA449389,PA451666,Directed,1401,
PA164754755,PA451666,Directed,1227,
PA448383,PA451666,Directed,1086,
PA451108,PA451666,Directed,911,
PA450850,PA451666,Directed,910,
PA451107,PA451666,Directed,796,
PA448486,PA451666,Directed,795,
PA451209,PA451666,Directed,620,
PA451457,PA451666,Directed,611,
PA153619853,PA451666,Directed,510,
PA449015,PA451666,Directed,504,
PA450705,PA451666,Directed,489,
PA450401,PA451666,Directed,395,
PA449422,PA451666,Directed,394,
PA449011,PA451666,Directed,393,
PA449373,PA451666,Directed,392,
PA450555,PA451666,Directed,391,
PA449493,PA451666,Directed,197,
PA448948,PA451666,Directed,159,
PA449646,PA451666,Directed,157,
PA448964,PA451666,Directed,100,
PA164742986,PA451666,Directed,99,
PA448519,PA451666,Directed,95,
PA449028,PA451666,Directed,94,
PA450965,PA451666,Directed,93,
PA449841,PA451666,Directed,83,
PA450085,PA164747039,Directed,785,
00682,PA450353,Directed,1103,
PA449269,PA450903,Directed,1565,
PA449269,PA451741,Directed,1556,
PA449269,PA451112,Directed,1553,
PA449269,PA450101,Directed,1544,
PA448497,PA451106,Directed,1097,
PA451145,PA451262,Directed,1467,
PA164747651,PA450146,Directed,1174,
PA451363,PA450146,Directed,1092,
PA164743028,PA450146,Directed,425,
PA450085,PA450146,Directed,329,
PA450272,PA450146,Directed,260,
PA451975,PA451741,Directed,1049,
PA451975,PA450101,Directed,1006,
PA451975,PA450903,Directed,690,
PA451363,PA163522472,Directed,1559,
PA451363,PA450606,Directed,1551,
PA451363,PA163522473,Directed,1550,
PA451363,PA451305,Directed,1215,
PA451363,PA449493,Directed,1214,
PA451363,PA451260,Directed,1210,
PA451363,PA450264,Directed,1209,
PA451363,PA449028,Directed,1208,
PA451363,PA450603,Directed,1198,
PA451363,PA449653,Directed,1196,
PA451363,PA449334,Directed,1192,
PA451363,PA448422,Directed,1188,
PA451363,PA450132,Directed,1163,
PA451363,PA448383,Directed,1135,
PA451363,PA451868,Directed,1102,
00682,PA451363,Directed,1646,
00682,PA450985,Directed,925,
PA153619853,PA449839,Directed,1032,
PA153619853,PA449389,Directed,1028,
PA153619853,PA451472,Directed,1023,
PA153619853,PA164754755,Directed,1021,
PA153619853,PA449958,Directed,1019,
PA153619853,PA449011,Directed,1017,
PA153619853,PA449373,Directed,1012,
PA153619853,PA450555,Directed,1010,
PA153619853,PA451107,Directed,977,
PA153619853,PA450401,Directed,909,
PA153619853,PA449493,Directed,907,
PA153619853,PA449422,Directed,902,
PA153619853,PA448948,Directed,874,
PA153619853,PA448498,Directed,873,
PA153619853,PA449646,Directed,866,
PA153619853,PA451108,Directed,862,
PA153619853,PA451209,Directed,850,
PA153619853,PA450850,Directed,843,
PA153619853,PA451457,Directed,782,
PA153619853,PA450705,Directed,607,
PA153619853,PA448383,Directed,595,
PA153619853,PA450965,Directed,588,
PA153619853,PA449015,Directed,582,
PA153619853,PA164742986,Directed,566,
PA153619853,PA449841,Directed,541,
PA153619853,PA448964,Directed,539,
PA153619853,PA449028,Directed,493,
PA153619853,PA449072,Directed,491,
PA153619853,PA448519,Directed,413,
PA153619853,PA448486,Directed,39,
PA449839,PA153619853,Directed,1723,
PA451472,PA153619853,Directed,1722,
PA164754755,PA153619853,Directed,1491,
PA448498,PA153619853,Directed,1355,
PA449958,PA153619853,Directed,1100,
PA449389,PA153619853,Directed,1099,
PA449493,PA153619853,Directed,1007,
PA448383,PA153619853,Directed,996,
PA449373,PA153619853,Directed,950,
PA450555,PA153619853,Directed,949,
PA449011,PA153619853,Directed,942,
PA451107,PA153619853,Directed,927,
PA448486,PA153619853,Directed,926,
PA448964,PA153619853,Directed,800,
PA164742986,PA153619853,Directed,799,
PA451457,PA153619853,Directed,705,
PA449422,PA153619853,Directed,633,
PA450401,PA153619853,Directed,624,
PA449015,PA153619853,Directed,599,
PA450705,PA153619853,Directed,598,
PA451108,PA153619853,Directed,490,
PA449646,PA153619853,Directed,480,
PA448948,PA153619853,Directed,479,
PA451209,PA153619853,Directed,358,
PA450850,PA153619853,Directed,280,
PA449841,PA153619853,Directed,243,
PA449028,PA153619853,Directed,128,
PA450965,PA153619853,Directed,127,
PA448519,PA153619853,Directed,126,
PA449599,PA450101,Directed,853,
PA449599,PA450903,Directed,713,
PA449599,PA451112,Directed,647,
PA449599,PA448383,Directed,621,
PA448498,PA448948,Directed,1636,
PA448498,PA449646,Directed,1635,
PA448498,PA449072,Directed,1549,
PA448498,PA448486,Directed,1535,
PA448498,PA451108,Directed,1477,
PA448498,PA449841,Directed,1473,
PA448498,PA451209,Directed,1469,
PA448498,PA451457,Directed,1441,
PA448498,PA450850,Directed,1439,
PA448498,PA449422,Directed,1436,
PA448498,PA449493,Directed,1433,
PA448498,PA450401,Directed,1429,
PA448498,PA448383,Directed,1396,
PA448498,PA449015,Directed,1381,
PA448498,PA450705,Directed,1376,
PA448498,PA449958,Directed,1358,
PA448498,PA449389,Directed,1356,
PA448498,PA451107,Directed,1353,
PA448498,PA164742986,Directed,1351,
PA448498,PA164754755,Directed,1338,
PA448498,PA448964,Directed,1310,
PA448498,PA449839,Directed,1297,
PA448498,PA451472,Directed,1295,
PA448498,PA449011,Directed,1094,
PA448498,PA449373,Directed,1073,
PA448498,PA450555,Directed,1061,
PA448498,PA448519,Directed,631,
PA448498,PA450965,Directed,591,
PA448498,PA449028,Directed,571,
PA451107,PA448498,Directed,1713,
PA448486,PA448498,Directed,1712,
PA164754755,PA448498,Directed,1703,
PA449373,PA448498,Directed,1558,
PA449011,PA448498,Directed,1557,
PA450555,PA448498,Directed,1555,
PA449958,PA448498,Directed,1502,
PA449389,PA448498,Directed,1501,
PA449839,PA448498,Directed,1421,
PA451472,PA448498,Directed,1420,
PA451457,PA448498,Directed,1202,
PA451209,PA448498,Directed,1200,
PA448383,PA448498,Directed,1057,
PA449493,PA448498,Directed,1054,
PA450705,PA448498,Directed,1048,
PA449646,PA448498,Directed,962,
PA448948,PA448498,Directed,957,
PA451108,PA448498,Directed,897,
PA450850,PA448498,Directed,892,
PA449015,PA448498,Directed,875,
PA450401,PA448498,Directed,835,
PA449422,PA448498,Directed,834,
PA164742986,PA448498,Directed,592,
PA448964,PA448498,Directed,506,
PA450965,PA448498,Directed,291,
PA448519,PA448498,Directed,290,
PA449028,PA448498,Directed,289,
PA449841,PA448498,Directed,271,
PA451168,PA450101,Directed,868,
PA451168,PA450903,Directed,698,
PA451168,PA451741,Directed,671,
PA451168,PA451112,Directed,655,
PA450902,PA450101,Directed,1728,
PA450902,PA450903,Directed,1637,
PA450902,PA451741,Directed,1412,
PA450902,PA451112,Directed,1274,
PA449646,PA448948,Directed,982,
PA449646,PA450401,Directed,972,
PA449646,PA449422,Directed,966,
PA449646,PA451457,Directed,568,
PA449646,PA451108,Directed,563,
PA449646,PA450850,Directed,560,
PA449646,PA451209,Directed,544,
PA449646,PA448383,Directed,521,
PA449646,PA450705,Directed,495,
PA449646,PA449015,Directed,487,
PA449646,PA164742986,Directed,473,
PA449646,PA451107,Directed,452,
PA449646,PA164754755,Directed,446,
PA449646,PA449389,Directed,436,
PA449646,PA451472,Directed,429,
PA449646,PA449373,Directed,428,
PA449646,PA449011,Directed,427,
PA449646,PA449958,Directed,421,
PA449646,PA448964,Directed,419,
PA449646,PA449839,Directed,400,
PA449646,PA449841,Directed,396,
PA449646,PA450555,Directed,390,
PA449646,PA448519,Directed,273,
PA449646,PA450965,Directed,255,
PA449646,PA449028,Directed,213,
PA449646,PA448486,Directed,212,
PA449646,PA449072,Directed,196,
PA449646,PA449493,Directed,173,
PA164754755,PA449646,Directed,1699,
PA449011,PA449646,Directed,1529,
PA449373,PA449646,Directed,1527,
PA450555,PA449646,Directed,1526,
PA449958,PA449646,Directed,1482,
PA449389,PA449646,Directed,1481,
PA449839,PA449646,Directed,1408,
PA451472,PA449646,Directed,1407,
PA451107,PA449646,Directed,1133,
PA448486,PA449646,Directed,1132,
PA451457,PA449646,Directed,1125,
PA451209,PA449646,Directed,1123,
PA449493,PA449646,Directed,1038,
PA450705,PA449646,Directed,1025,
PA448383,PA449646,Directed,1024,
PA448948,PA449646,Directed,961,
PA451108,PA449646,Directed,899,
PA450850,PA449646,Directed,898,
PA449015,PA449646,Directed,859,
PA450401,PA449646,Directed,788,
PA449422,PA449646,Directed,787,
PA448964,PA449646,Directed,685,
PA164742986,PA449646,Directed,684,
PA449841,PA449646,Directed,266,
PA448519,PA449646,Directed,236,
PA449028,PA449646,Directed,233,
PA450965,PA449646,Directed,232,
00682,PA449594,Directed,943,
PA448383,PA164754755,Directed,1595,
PA448383,PA451107,Directed,1590,
PA448383,PA449958,Directed,1589,
PA448383,PA449389,Directed,1586,
PA448383,PA451472,Directed,1581,
PA448383,PA449839,Directed,1574,
PA448383,PA449373,Directed,1573,
PA448383,PA449011,Directed,1572,
PA448383,PA449422,Directed,1418,
PA448383,PA450401,Directed,1415,
PA448383,PA449493,Directed,1409,
PA448383,PA450965,Directed,1380,
PA448383,PA448519,Directed,1361,
PA448383,PA449028,Directed,1082,
PA448383,PA450555,Directed,1053,
PA448383,PA451108,Directed,1033,
PA448383,PA448948,Directed,1013,
PA448383,PA451209,Directed,1005,
PA448383,PA451457,Directed,1004,
PA448383,PA449015,Directed,1003,
PA448383,PA450705,Directed,1002,
PA448383,PA450850,Directed,1001,
PA448383,PA164742986,Directed,994,
PA448383,PA448964,Directed,990,
PA448383,PA449841,Directed,986,
PA448383,PA448486,Directed,837,
PA448383,PA449072,Directed,836,
PA164754755,PA448383,Directed,1687,
PA449839,PA448383,Directed,1213,
PA451472,PA448383,Directed,1212,
PA449389,PA448383,Directed,1160,
PA449958,PA448383,Directed,1152,
PA449493,PA448383,Directed,1030,
PA451107,PA448383,Directed,984,
00682,PA448383,Directed,981,
PA448486,PA448383,Directed,980,
PA449011,PA448383,Directed,979,
PA449373,PA448383,Directed,978,
PA450555,PA448383,Directed,970,
PA451209,PA448383,Directed,884,
PA450085,PA448383,Directed,877,
PA451457,PA448383,Directed,871,
PA450401,PA448383,Directed,693,
PA449422,PA448383,Directed,692,
PA448964,PA448383,Directed,616,
PA164742986,PA448383,Directed,612,
PA450705,PA448383,Directed,603,
PA449015,PA448383,Directed,594,
PA450272,PA448383,Directed,534,
PA451108,PA448383,Directed,533,
PA450850,PA448383,Directed,532,
PA448948,PA448383,Directed,518,
PA449841,PA448383,Directed,245,
PA448519,PA448383,Directed,182,
PA450965,PA448383,Directed,181,
PA449028,PA448383,Directed,158,
00682,PA451565,Directed,1668,
00682,PA450572,Directed,1647,
PA451305,PA451250,Directed,1644,
PA451305,PA10034,Directed,1620,
PA451305,PA448785,Directed,1406,
PA451305,PA451249,Directed,1348,
PA451305,PA164783809,Directed,1329,
PA164747651,PA451305,Directed,1365,
PA450272,PA451305,Directed,1219,
PA450085,PA451305,Directed,1201,
PA164743028,PA451305,Directed,975,
PA448948,PA451107,Directed,1357,
PA448948,PA164754755,Directed,1335,
PA448948,PA450401,Directed,971,
PA448948,PA449422,Directed,964,
PA448948,PA451457,Directed,567,
PA448948,PA451108,Directed,562,
PA448948,PA450850,Directed,551,
PA448948,PA451209,Directed,545,
PA448948,PA450705,Directed,494,
PA448948,PA449015,Directed,485,
PA448948,PA164742986,Directed,470,
PA448948,PA448964,Directed,441,
PA448948,PA449389,Directed,432,
PA448948,PA451472,Directed,426,
PA448948,PA449373,Directed,424,
PA448948,PA449011,Directed,423,
PA448948,PA449958,Directed,420,
PA448948,PA449839,Directed,398,
PA448948,PA449841,Directed,397,
PA448948,PA450555,Directed,389,
PA448948,PA448519,Directed,269,
PA448948,PA450965,Directed,256,
PA448948,PA449028,Directed,216,
PA448948,PA448486,Directed,211,
PA448948,PA449072,Directed,194,
PA448948,PA449493,Directed,171,
PA451107,PA448948,Directed,1706,
PA448486,PA448948,Directed,1705,
PA164754755,PA448948,Directed,1696,
PA449011,PA448948,Directed,1534,
PA449373,PA448948,Directed,1533,
PA450555,PA448948,Directed,1531,
PA449958,PA448948,Directed,1487,
PA449389,PA448948,Directed,1486,
PA449839,PA448948,Directed,1417,
PA451472,PA448948,Directed,1410,
PA451457,PA448948,Directed,1155,
PA451209,PA448948,Directed,1151,
PA449493,PA448948,Directed,1051,
PA450705,PA448948,Directed,1015,
PA451108,PA448948,Directed,895,
PA450850,PA448948,Directed,891,
PA449015,PA448948,Directed,865,
PA450401,PA448948,Directed,772,
PA449422,PA448948,Directed,771,
PA164742986,PA448948,Directed,478,
PA448964,PA448948,Directed,477,
PA450965,PA448948,Directed,285,
PA448519,PA448948,Directed,284,
PA449028,PA448948,Directed,282,
PA449841,PA448948,Directed,267,
PA451566,PA450903,Directed,1165,
PA451566,PA451741,Directed,887,
PA451566,PA450101,Directed,498,
PA448497,PA448018,Directed,1139,
PA164743028,PA451260,Directed,983,
PA164743028,PA163522473,Directed,965,
PA164743028,PA448422,Directed,963,
PA164743028,PA450606,Directed,958,
PA164743028,PA450264,Directed,952,
PA164743028,PA450132,Directed,553,
PA164743028,PA163522472,Directed,422,
PA164743028,PA449028,Directed,214,
PA164743028,PA449493,Directed,178,
PA449839,PA164742986,Directed,1721,
PA449839,PA448964,Directed,1719,
PA449839,PA449841,Directed,1717,
PA449839,PA449493,Directed,1711,
PA449839,PA450401,Directed,1710,
PA449839,PA449422,Directed,1708,
PA449839,PA164754755,Directed,1659,
PA449839,PA449958,Directed,1656,
PA449839,PA451107,Directed,1654,
PA449839,PA449389,Directed,1649,
PA449839,PA451472,Directed,1633,
PA449839,PA449373,Directed,1632,
PA449839,PA449011,Directed,1630,
PA449839,PA448519,Directed,1612,
PA449839,PA450965,Directed,1599,
PA449839,PA449028,Directed,1518,
PA449839,PA449072,Directed,1513,
PA449839,PA448486,Directed,1500,
PA449839,PA450555,Directed,1435,
PA449839,PA451108,Directed,1248,
PA449839,PA450850,Directed,1246,
PA449839,PA451457,Directed,1229,
PA449839,PA451209,Directed,1222,
PA449839,PA450705,Directed,1194,
PA449839,PA449015,Directed,1181,
PA164754755,PA449839,Directed,1744,
PA451472,PA449839,Directed,1634,
PA449373,PA449839,Directed,1607,
PA450555,PA449839,Directed,1606,
PA450705,PA449839,Directed,1577,
PA449011,PA449839,Directed,1562,
PA449958,PA449839,Directed,1308,
PA449389,PA449839,Directed,1307,
PA451108,PA449839,Directed,1130,
PA450850,PA449839,Directed,1129,
PA451107,PA449839,Directed,1074,
PA448486,PA449839,Directed,1071,
PA449015,PA449839,Directed,1036,
PA451457,PA449839,Directed,792,
PA451209,PA449839,Directed,790,
PA448519,PA449839,Directed,781,
PA450401,PA449839,Directed,780,
PA449422,PA449839,Directed,779,
PA449493,PA449839,Directed,724,
PA448964,PA449839,Directed,679,
PA164742986,PA449839,Directed,678,
PA449841,PA449839,Directed,383,
PA449028,PA449839,Directed,345,
PA450965,PA449839,Directed,344,
00682,PA450347,Directed,581,
PA134688071,PA450903,Directed,1169,
PA134688071,PA451741,Directed,890,
PA134688071,PA451112,Directed,883,
PA134688071,PA450101,Directed,512,
00682,PA449313,Directed,1676,
PA450657,PA451112,Directed,1516,
PA449048,PA451112,Directed,1510,
PA448385,PA451112,Directed,1509,
PA449969,PA451112,Directed,1508,
PA451791,PA451112,Directed,1476,
PA449233,PA451112,Directed,1475,
PA451741,PA451112,Directed,1392,
PA451866,PA451112,Directed,1275,
PA10054,PA451112,Directed,1267,
PA10066,PA451112,Directed,1101,
PA164748099,PA451112,Directed,1044,
PA450603,PA451112,Directed,879,
14750,PA451112,Directed,878,
PA449015,PA451112,Directed,840,
PA449690,PA451112,Directed,816,
PA450403,PA451112,Directed,753,
PA450401,PA451112,Directed,748,
PA448408,PA451112,Directed,746,
PA451333,PA451112,Directed,663,
PA450801,PA451112,Directed,654,
PA449673,PA451112,Directed,548,
PA450464,PA451112,Directed,546,
PA451170,PA451112,Directed,252,
00682,PA450484,Directed,998,
PA450603,PA450903,Directed,1168,
PA450603,PA451741,Directed,889,
PA450603,PA450101,Directed,511,
PA450085,PA450603,Directed,1114,
PA450272,PA450603,Directed,876,
PA449841,PA451472,Directed,382,
PA449841,PA449373,Directed,381,
PA449841,PA449011,Directed,380,
PA449841,PA449958,Directed,377,
PA449841,PA164754755,Directed,376,
PA449841,PA449389,Directed,374,
PA449841,PA451107,Directed,360,
PA449841,PA450555,Directed,261,
PA449841,PA451108,Directed,253,
PA449841,PA451209,Directed,251,
PA449841,PA450850,Directed,250,
PA449841,PA451457,Directed,249,
PA449841,PA448964,Directed,248,
PA449841,PA449015,Directed,247,
PA449841,PA164742986,Directed,246,
PA449841,PA450705,Directed,238,
PA449841,PA449493,Directed,136,
PA449841,PA450401,Directed,129,
PA449841,PA449422,Directed,123,
PA449841,PA450965,Directed,112,
PA449841,PA448519,Directed,106,
PA449841,PA449028,Directed,84,
PA449841,PA448486,Directed,81,
PA449841,PA449072,Directed,77,
PA449958,PA449841,Directed,1737,
PA449389,PA449841,Directed,1736,
PA451472,PA449841,Directed,1716,
PA164754755,PA449841,Directed,1471,
PA448964,PA449841,Directed,758,
PA164742986,PA449841,Directed,756,
PA448486,PA449841,Directed,547,
PA451107,PA449841,Directed,543,
PA449015,PA449841,Directed,540,
PA450705,PA449841,Directed,535,
PA450401,PA449841,Directed,379,
PA449422,PA449841,Directed,378,
PA451209,PA449841,Directed,330,
PA451457,PA449841,Directed,328,
PA449493,PA449841,Directed,268,
PA450850,PA449841,Directed,264,
PA451108,PA449841,Directed,263,
PA449011,PA449841,Directed,258,
PA449373,PA449841,Directed,257,
PA450555,PA449841,Directed,254,
PA448519,PA449841,Directed,103,
PA450965,PA449841,Directed,102,
PA449028,PA449841,Directed,101,
PA451472,PA449072,Directed,1512,
PA449958,PA449072,Directed,1372,
PA449389,PA449072,Directed,1371,
PA164754755,PA449072,Directed,1233,
PA451108,PA449072,Directed,906,
PA450850,PA449072,Directed,905,
PA451107,PA449072,Directed,736,
PA448486,PA449072,Directed,735,
PA451457,PA449072,Directed,601,
PA451209,PA449072,Directed,600,
PA450705,PA449072,Directed,505,
PA449015,PA449072,Directed,492,
PA450401,PA449072,Directed,373,
PA449422,PA449072,Directed,372,
PA449373,PA449072,Directed,354,
PA450555,PA449072,Directed,353,
PA449011,PA449072,Directed,348,
PA449493,PA449072,Directed,140,
PA448964,PA449072,Directed,108,
PA164742986,PA449072,Directed,107,
PA449028,PA449072,Directed,73,
PA450965,PA449072,Directed,72,
PA448519,PA449072,Directed,71,
00682,PA451721,Directed,1681,
PA448015,PA451249,Directed,1669,
PA448015,PA450112,Directed,1567,
PA448015,PA451145,Directed,1564,
PA448015,PA451250,Directed,1554,
PA448015,PA448785,Directed,1498,
PA448015,PA450947,Directed,1497,
PA448015,PA10804,Directed,1385,
PA450164,PA448015,Directed,831,
00682,PA448015,Directed,769,
PA451954,PA448015,Directed,188,
PA450965,PA449389,Directed,371,
PA450965,PA451107,Directed,363,
PA450965,PA449958,Directed,362,
PA450965,PA164754755,Directed,361,
PA450965,PA451472,Directed,343,
PA450965,PA449373,Directed,338,
PA450965,PA449011,Directed,337,
PA450965,PA450555,Directed,325,
PA450965,PA451108,Directed,234,
PA450965,PA450850,Directed,229,
PA450965,PA451209,Directed,217,
PA450965,PA451457,Directed,207,
PA450965,PA450705,Directed,138,
PA450965,PA450401,Directed,133,
PA450965,PA164742986,Directed,132,
PA450965,PA449422,Directed,125,
PA450965,PA449015,Directed,121,
PA450965,PA448964,Directed,115,
PA450965,PA449028,Directed,104,
PA450965,PA448519,Directed,96,
PA450965,PA448486,Directed,78,
PA450965,PA449493,Directed,66,
PA449958,PA450965,Directed,1675,
PA449389,PA450965,Directed,1674,
PA451472,PA450965,Directed,1598,
PA164754755,PA450965,Directed,1379,
PA451108,PA450965,Directed,960,
PA450850,PA450965,Directed,954,
PA448486,PA450965,Directed,872,
PA451107,PA450965,Directed,870,
PA450705,PA450965,Directed,561,
PA449015,PA450965,Directed,552,
PA451209,PA450965,Directed,468,
PA451457,PA450965,Directed,447,
PA450401,PA450965,Directed,434,
PA449422,PA450965,Directed,433,
PA449011,PA450965,Directed,323,
PA449373,PA450965,Directed,322,
PA450555,PA450965,Directed,321,
PA449493,PA450965,Directed,244,
PA448964,PA450965,Directed,114,
PA164742986,PA450965,Directed,113,
PA448519,PA450965,Directed,110,
PA449028,PA450965,Directed,109,
PA451209,PA451108,Directed,1119,
PA451209,PA451457,Directed,1118,
PA451209,PA450850,Directed,1116,
PA451209,PA450401,Directed,940,
PA451209,PA449422,Directed,918,
PA451209,PA449015,Directed,858,
PA451209,PA450705,Directed,851,
PA451209,PA164754755,Directed,844,
PA451209,PA451107,Directed,841,
PA451209,PA449958,Directed,797,
PA451209,PA451472,Directed,789,
PA451209,PA449389,Directed,776,
PA451209,PA449373,Directed,759,
PA451209,PA449011,Directed,745,
PA451209,PA450555,Directed,725,
PA451209,PA448486,Directed,596,
PA451209,PA448519,Directed,463,
PA451209,PA449028,Directed,370,
PA451209,PA448964,Directed,368,
PA451209,PA164742986,Directed,350,
PA451209,PA449493,Directed,310,
PA164754755,PA451209,Directed,1692,
PA449011,PA451209,Directed,1507,
PA451472,PA451209,Directed,1221,
PA449958,PA451209,Directed,1206,
PA449389,PA451209,Directed,1205,
PA451457,PA451209,Directed,1117,
PA451107,PA451209,Directed,1106,
PA448486,PA451209,Directed,1104,
PA449493,PA451209,Directed,1047,
PA449373,PA451209,Directed,997,
PA450555,PA451209,Directed,992,
PA450705,PA451209,Directed,857,
PA449015,PA451209,Directed,849,
PA450401,PA451209,Directed,722,
PA449422,PA451209,Directed,721,
PA451108,PA451209,Directed,683,
PA448964,PA451209,Directed,634,
PA164742986,PA451209,Directed,610,
PA450850,PA451209,Directed,602,
PA448519,PA451209,Directed,215,
PA449028,PA451209,Directed,195,
PA450264,PA451250,Directed,1645,
PA450264,PA10034,Directed,1624,
PA450264,PA448785,Directed,1403,
PA450264,PA451249,Directed,1344,
PA450264,PA164783809,Directed,1321,
PA164747651,PA450264,Directed,1366,
PA450272,PA450264,Directed,1238,
PA450085,PA450264,Directed,1185,
PA448408,PA450903,Directed,784,
PA448408,PA451741,Directed,774,
PA448408,PA450101,Directed,632,
PA450403,PA450903,Directed,793,
PA450403,PA451741,Directed,773,
PA450403,PA450101,Directed,628,
PA450401,PA451472,Directed,807,
PA450401,PA450903,Directed,786,
PA450401,PA451741,Directed,770,
PA450401,PA449373,Directed,766,
PA450401,PA449011,Directed,764,
PA450401,PA451108,Directed,761,
PA450401,PA450850,Directed,750,
PA450401,PA451457,Directed,744,
PA450401,PA451107,Directed,742,
PA450401,PA449389,Directed,733,
PA450401,PA450555,Directed,728,
PA450401,PA449958,Directed,719,
PA450401,PA450705,Directed,716,
PA450401,PA164754755,Directed,711,
PA450401,PA449015,Directed,645,
PA450401,PA164742986,Directed,626,
PA450401,PA450101,Directed,622,
PA450401,PA448964,Directed,619,
PA450401,PA449028,Directed,387,
PA450401,PA449493,Directed,366,
PA450401,PA448486,Directed,357,
PA450401,PA449422,Directed,334,
PA450401,PA448519,Directed,314,
PA449958,PA450401,Directed,1734,
PA449389,PA450401,Directed,1733,
PA451472,PA450401,Directed,1709,
PA164754755,PA450401,Directed,1431,
PA451107,PA450401,Directed,1029,
PA448486,PA450401,Directed,1027,
PA451457,PA450401,Directed,941,
PA449015,PA450401,Directed,915,
PA450705,PA450401,Directed,914,
PA448964,PA450401,Directed,707,
PA164742986,PA450401,Directed,706,
PA449422,PA450401,Directed,333,
PA451108,PA450401,Directed,327,
PA450850,PA450401,Directed,326,
PA449493,PA450401,Directed,278,
PA450555,PA450401,Directed,221,
PA449011,PA450401,Directed,219,
PA449373,PA450401,Directed,218,
PA448519,PA450401,Directed,135,
PA449028,PA450401,Directed,134,
00682,PA450221,Directed,1652,
PA451170,PA450903,Directed,388,
PA451170,PA451741,Directed,259,
PA451170,PA450101,Directed,240,
PA163522473,PA451250,Directed,1651,
PA450606,PA451250,Directed,1650,
PA451260,PA451250,Directed,1643,
PA163522472,PA451250,Directed,1492,
PA448422,PA451250,Directed,969,
PA449015,PA164754755,Directed,1150,
PA449015,PA450903,Directed,1035,
PA449015,PA449389,Directed,1026,
PA449015,PA451472,Directed,1022,
PA449015,PA449958,Directed,1020,
PA449015,PA449011,Directed,1018,
PA449015,PA449373,Directed,1014,
PA449015,PA450555,Directed,1009,
PA449015,PA451107,Directed,976,
PA449015,PA449493,Directed,904,
PA449015,PA449422,Directed,901,
PA449015,PA451108,Directed,864,
PA449015,PA451741,Directed,856,
PA449015,PA450850,Directed,821,
PA449015,PA451457,Directed,778,
PA449015,PA450705,Directed,606,
PA449015,PA164742986,Directed,579,
PA449015,PA450101,Directed,574,
PA449015,PA448964,Directed,538,
PA449015,PA449028,Directed,496,
PA449015,PA448486,Directed,482,
PA449015,PA448519,Directed,409,
PA164754755,PA449015,Directed,1504,
PA451472,PA449015,Directed,1180,
PA449958,PA449015,Directed,1157,
PA449389,PA449015,Directed,1122,
PA449493,PA449015,Directed,1000,
PA449011,PA449015,Directed,968,
PA450555,PA449015,Directed,967,
PA449373,PA449015,Directed,955,
PA448486,PA449015,Directed,953,
PA451107,PA449015,Directed,945,
PA451457,PA449015,Directed,863,
PA164742986,PA449015,Directed,861,
PA448964,PA449015,Directed,860,
PA449422,PA449015,Directed,644,
PA450705,PA449015,Directed,583,
PA451108,PA449015,Directed,488,
PA450850,PA449015,Directed,486,
PA448519,PA449015,Directed,120,
PA449028,PA449015,Directed,119,
PA451260,PA448785,Directed,1405,
PA450606,PA448785,Directed,1404,
PA163522473,PA448785,Directed,1400,
PA163522472,PA448785,Directed,1176,
00682,PA448785,Directed,1065,
PA448422,PA448785,Directed,537,
00682,PA450149,Directed,933,
00682,PA449683,Directed,1628,
PA10066,PA451741,Directed,1136,
PA10066,PA450101,Directed,820,
PA10066,PA450903,Directed,814,
PA451107,PA450850,Directed,1158,
PA451107,PA451108,Directed,1146,
PA451107,PA451457,Directed,1137,
PA451107,PA449011,Directed,1084,
PA451107,PA449958,Directed,1080,
PA451107,PA164754755,Directed,1078,
PA451107,PA449389,Directed,1076,
PA451107,PA451472,Directed,1070,
PA451107,PA449373,Directed,1063,
PA451107,PA450555,Directed,1056,
PA451107,PA449422,Directed,1041,
PA451107,PA450705,Directed,959,
PA451107,PA164742986,Directed,919,
PA451107,PA448519,Directed,869,
PA451107,PA449028,Directed,755,
PA451107,PA448486,Directed,737,
PA451107,PA448964,Directed,565,
PA451107,PA449493,Directed,471,
PA164754755,PA451107,Directed,1751,
PA451472,PA451107,Directed,1653,
PA449373,PA451107,Directed,1613,
PA450555,PA451107,Directed,1610,
PA450705,PA451107,Directed,1594,
PA449011,PA451107,Directed,1571,
PA449958,PA451107,Directed,1343,
PA449389,PA451107,Directed,1342,
PA451457,PA451107,Directed,1259,
PA451108,PA451107,Directed,1166,
PA164742986,PA451107,Directed,1143,
PA450850,PA451107,Directed,1138,
PA448964,PA451107,Directed,1120,
PA448486,PA451107,Directed,1108,
PA449422,PA451107,Directed,741,
PA448519,PA451107,Directed,740,
PA449493,PA451107,Directed,681,
PA449028,PA451107,Directed,364,
PA451866,PA450101,Directed,1730,
PA451866,PA450903,Directed,1638,
PA451866,PA451741,Directed,1413,
PA449233,PA451741,Directed,1641,
PA449233,PA450101,Directed,1382,
PA449233,PA450903,Directed,1312,
PA164748099,PA450903,Directed,1241,
PA164748099,PA451741,Directed,1236,
PA164748099,PA450101,Directed,1045,
PA451791,PA451741,Directed,1642,
PA451791,PA450101,Directed,1377,
PA451791,PA450903,Directed,1316,
PA163522473,PA10034,Directed,1621,
PA451260,PA10034,Directed,1619,
PA450606,PA10034,Directed,1617,
PA163522472,PA10034,Directed,1485,
PA448422,PA10034,Directed,944,
PA449389,PA448964,Directed,1738,
PA449389,PA449493,Directed,1732,
PA449389,PA449422,Directed,1724,
PA449389,PA448519,Directed,1697,
PA449389,PA451108,Directed,1479,
PA449389,PA449028,Directed,1398,
PA449389,PA448486,Directed,1373,
PA449389,PA449011,Directed,1330,
PA449389,PA449958,Directed,1306,
PA449389,PA164754755,Directed,1304,
PA449389,PA451472,Directed,1302,
PA449389,PA449373,Directed,1300,
PA449389,PA450555,Directed,1285,
PA449389,PA450850,Directed,1191,
PA449389,PA451457,Directed,1189,
PA449389,PA450705,Directed,1171,
PA449389,PA164742986,Directed,1090,
PA164754755,PA449389,Directed,1749,
PA451472,PA449389,Directed,1648,
PA449373,PA449389,Directed,1604,
PA450555,PA449389,Directed,1603,
PA450705,PA449389,Directed,1585,
PA449011,PA449389,Directed,1563,
PA449958,PA449389,Directed,1359,
PA451108,PA449389,Directed,1142,
PA450850,PA449389,Directed,1141,
PA448486,PA449389,Directed,1075,
PA164742986,PA449389,Directed,928,
PA448964,PA449389,Directed,924,
PA451457,PA449389,Directed,777,
PA449422,PA449389,Directed,732,
PA448519,PA449389,Directed,727,
PA449493,PA449389,Directed,710,
PA449028,PA449389,Directed,384,
PA450705,PA449958,Directed,1593,
PA450705,PA164754755,Directed,1591,
PA450705,PA451472,Directed,1582,
PA450705,PA449373,Directed,1576,
PA450705,PA449011,Directed,1575,
PA450705,PA450555,Directed,1058,
PA450705,PA451108,Directed,1034,
PA450705,PA450850,Directed,999,
PA450705,PA449493,Directed,908,
PA450705,PA449422,Directed,900,
PA450705,PA451457,Directed,833,
PA450705,PA164742986,Directed,573,
PA450705,PA448964,Directed,536,
PA450705,PA449028,Directed,516,
PA450705,PA448486,Directed,481,
PA450705,PA448519,Directed,404,
PA164754755,PA450705,Directed,1694,
PA451472,PA450705,Directed,1193,
PA449958,PA450705,Directed,1172,
PA449493,PA450705,Directed,1011,
PA449011,PA450705,Directed,991,
PA449373,PA450705,Directed,989,
PA450555,PA450705,Directed,985,
PA448486,PA450705,Directed,956,
PA448964,PA450705,Directed,848,
PA451457,PA450705,Directed,847,
PA164742986,PA450705,Directed,846,
PA449422,PA450705,Directed,715,
PA451108,PA450705,Directed,530,
PA450850,PA450705,Directed,525,
PA449028,PA450705,Directed,139,
PA448519,PA450705,Directed,137,
PA450657,PA450903,Directed,1662,
PA450657,PA451741,Directed,1537,
PA450657,PA450101,Directed,1448,
PA451472,PA164742986,Directed,1720,
PA451472,PA448964,Directed,1718,
PA451472,PA449422,Directed,1707,
PA451472,PA164754755,Directed,1658,
PA451472,PA449958,Directed,1655,
PA451472,PA449373,Directed,1631,
PA451472,PA449011,Directed,1629,
PA451472,PA448519,Directed,1611,
PA451472,PA449028,Directed,1517,
PA451472,PA448486,Directed,1499,
PA451472,PA450555,Directed,1434,
PA451472,PA451108,Directed,1247,
PA451472,PA450850,Directed,1245,
PA451472,PA451457,Directed,1228,
PA164754755,PA451472,Directed,1747,
PA449373,PA451472,Directed,1609,
PA450555,PA451472,Directed,1608,
PA449011,PA451472,Directed,1561,
PA449958,PA451472,Directed,1253,
PA451108,PA451472,Directed,1148,
PA450850,PA451472,Directed,1147,
PA448486,PA451472,Directed,1068,
PA449422,PA451472,Directed,806,
PA451457,PA451472,Directed,791,
PA448519,PA451472,Directed,768,
PA449493,PA451472,Directed,723,
PA448964,PA451472,Directed,657,
PA164742986,PA451472,Directed,656,
PA449028,PA451472,Directed,342,
PA450606,PA451249,Directed,1346,
PA450606,PA164783809,Directed,1325,
PA164747651,PA450606,Directed,1362,
PA450272,PA450606,Directed,1240,
PA450085,PA450606,Directed,1204,
PA448964,PA449958,Directed,932,
PA448964,PA164754755,Directed,931,
PA448964,PA164742986,Directed,767,
PA448964,PA449493,Directed,703,
PA448964,PA449422,Directed,695,
PA448964,PA451108,Directed,643,
PA448964,PA449373,Directed,641,
PA448964,PA449011,Directed,640,
PA448964,PA451457,Directed,637,
PA448964,PA450850,Directed,623,
PA448964,PA450555,Directed,608,
PA448964,PA448519,Directed,117,
PA448964,PA449028,Directed,98,
PA448964,PA448486,Directed,89,
PA164754755,PA448964,Directed,1489,
PA449958,PA448964,Directed,1087,
PA449493,PA448964,Directed,993,
PA164742986,PA448964,Directed,775,
PA449422,PA448964,Directed,618,
PA448486,PA448964,Directed,564,
PA451457,PA448964,Directed,367,
PA449011,PA448964,Directed,281,
PA449373,PA448964,Directed,279,
PA451108,PA448964,Directed,274,
PA450555,PA448964,Directed,272,
PA450850,PA448964,Directed,270,
PA448519,PA448964,Directed,116,
PA449028,PA448964,Directed,111,
PA449048,PA451741,Directed,1541,
PA448385,PA451741,Directed,1540,
PA449969,PA451741,Directed,1539,
PA10054,PA451741,Directed,1416,
PA451264,PA451741,Directed,1052,
PA450464,PA451741,Directed,951,
PA449673,PA451741,Directed,948,
14750,PA451741,Directed,888,
PA449690,PA451741,Directed,855,
PA451333,PA451741,Directed,677,
PA450801,PA451741,Directed,670,
00682,PA134308647,Directed,1164,
00682,PA449293,Directed,542,
00682,PA450595,Directed,1667,
PA451264,PA450101,Directed,1016,
PA451264,PA450903,Directed,688,
PA450085,PA163522473,Directed,1203,
PA450085,PA451260,Directed,1162,
PA450085,PA449334,Directed,1159,
PA450085,PA448422,Directed,1131,
PA450085,PA10233,Directed,903,
PA450085,PA449653,Directed,896,
PA450085,PA450132,Directed,886,
PA450085,PA451868,Directed,885,
PA450085,PA163522472,Directed,783,
PA450085,PA449001,Directed,700,
PA450085,PA449028,Directed,369,
PA450085,PA449493,Directed,294,
PA451457,PA451108,Directed,1121,
PA451457,PA450850,Directed,1112,
PA451457,PA449422,Directed,920,
PA451457,PA164754755,Directed,842,
PA451457,PA449958,Directed,798,
PA451457,PA449373,Directed,762,
PA451457,PA449011,Directed,747,
PA451457,PA450555,Directed,726,
PA451457,PA448486,Directed,597,
PA451457,PA448519,Directed,445,
PA451457,PA449028,Directed,385,
PA451457,PA164742986,Directed,352,
PA451457,PA449493,Directed,312,
PA164754755,PA451457,Directed,1690,
PA449373,PA451457,Directed,1524,
PA450555,PA451457,Directed,1523,
PA449011,PA451457,Directed,1511,
PA449958,PA451457,Directed,1190,
PA448486,PA451457,Directed,1140,
PA449493,PA451457,Directed,1043,
PA449422,PA451457,Directed,743,
PA451108,PA451457,Directed,696,
PA450850,PA451457,Directed,694,
PA164742986,PA451457,Directed,642,
PA448519,PA451457,Directed,208,
PA449028,PA451457,Directed,192,
PA448497,PA448966,Directed,1072,
PA449493,PA451108,Directed,1050,
PA449493,PA450850,Directed,1031,
PA449493,PA164742986,Directed,1008,
PA449493,PA449958,Directed,709,
PA449493,PA449011,Directed,704,
PA449493,PA164754755,Directed,682,
PA449493,PA449373,Directed,375,
PA449493,PA450555,Directed,355,
PA449493,PA449422,Directed,262,
PA449493,PA448519,Directed,235,
PA449493,PA449028,Directed,222,
PA449493,PA448486,Directed,144,
PA449958,PA449493,Directed,1727,
PA164754755,PA449493,Directed,1423,
PA164747651,PA449493,Directed,1195,
PA164742986,PA449493,Directed,702,
PA448486,PA449493,Directed,469,
PA449422,PA449493,Directed,365,
PA449011,PA449493,Directed,228,
PA449373,PA449493,Directed,226,
PA450555,PA449493,Directed,225,
PA450272,PA449493,Directed,155,
PA451108,PA449493,Directed,152,
PA450850,PA449493,Directed,151,
PA449028,PA449493,Directed,35,
PA448519,PA449493,Directed,4,
PA10054,PA450101,Directed,1731,
PA10054,PA450903,Directed,1640,
PA450850,PA164754755,Directed,1186,
PA450850,PA449958,Directed,1170,
PA450850,PA449373,Directed,1126,
PA450850,PA449011,Directed,1124,
PA450850,PA449028,Directed,921,
PA450850,PA450555,Directed,912,
PA450850,PA448486,Directed,893,
PA450850,PA451108,Directed,881,
PA450850,PA449422,Directed,331,
PA450850,PA164742986,Directed,276,
PA450850,PA448519,Directed,275,
PA164754755,PA450850,Directed,1685,
PA449373,PA450850,Directed,1522,
PA450555,PA450850,Directed,1521,
PA449011,PA450850,Directed,1519,
PA449958,PA450850,Directed,1197,
PA448486,PA450850,Directed,1161,
PA451108,PA450850,Directed,880,
PA449422,PA450850,Directed,749,
PA164742986,PA450850,Directed,630,
PA448519,PA450850,Directed,230,
PA449028,PA450850,Directed,227,
PA451108,PA164754755,Directed,1179,
PA451108,PA449958,Directed,1173,
PA451108,PA449373,Directed,1128,
PA451108,PA449011,Directed,1127,
PA451108,PA450555,Directed,1081,
PA451108,PA449028,Directed,923,
PA451108,PA448486,Directed,894,
PA451108,PA449422,Directed,332,
PA451108,PA448519,Directed,283,
PA451108,PA164742986,Directed,277,
PA164754755,PA451108,Directed,1682,
PA449011,PA451108,Directed,1538,
PA449373,PA451108,Directed,1536,
PA450555,PA451108,Directed,1528,
PA449958,PA451108,Directed,1480,
PA448486,PA451108,Directed,1145,
PA449422,PA451108,Directed,760,
PA164742986,PA451108,Directed,646,
PA449028,PA451108,Directed,237,
PA448519,PA451108,Directed,231,
PA451260,PA451249,Directed,1347,
PA451260,PA164783809,Directed,1327,
PA164747651,PA451260,Directed,1368,
PA450272,PA451260,Directed,1239,
PA449958,PA449422,Directed,1725,
PA449958,PA448519,Directed,1704,
PA449958,PA449028,Directed,1399,
PA449958,PA448486,Directed,1374,
PA449958,PA449011,Directed,1331,
PA449958,PA164754755,Directed,1311,
PA449958,PA449373,Directed,1301,
PA449958,PA450555,Directed,1286,
PA449958,PA164742986,Directed,1091,
PA164754755,PA449958,Directed,1755,
PA449373,PA449958,Directed,1627,
PA450555,PA449958,Directed,1614,
PA449011,PA449958,Directed,1569,
PA448486,PA449958,Directed,1079,
PA164742986,PA449958,Directed,930,
PA449422,PA449958,Directed,718,
PA448519,PA449958,Directed,699,
PA449028,PA449958,Directed,351,
00682,PA450150,Directed,1678,
PA449048,PA450101,Directed,1459,
PA448385,PA450101,Directed,1454,
PA449969,PA450101,Directed,1452,
PA450801,PA450101,Directed,867,
PA451333,PA450101,Directed,852,
PA449690,PA450101,Directed,572,
14750,PA450101,Directed,508,
PA449673,PA450101,Directed,484,
PA450464,PA450101,Directed,483,
PA449048,PA450903,Directed,1665,
PA448385,PA450903,Directed,1664,
PA449969,PA450903,Directed,1663,
14750,PA450903,Directed,1167,
PA449690,PA450903,Directed,1042,
PA451333,PA450903,Directed,712,
PA450801,PA450903,Directed,697,
PA449673,PA450903,Directed,454,
PA450464,PA450903,Directed,448,
PA449373,PA164754755,Directed,1622,
PA449373,PA449011,Directed,1596,
PA449373,PA450555,Directed,1568,
PA449373,PA164742986,Directed,937,
PA449373,PA448486,Directed,339,
PA449373,PA449028,Directed,287,
PA449373,PA449422,Directed,223,
PA449373,PA448519,Directed,204,
PA164754755,PA449373,Directed,1740,
PA450555,PA449373,Directed,1605,
PA449011,PA449373,Directed,1560,
PA448486,PA449373,Directed,1062,
PA449422,PA449373,Directed,765,
PA448519,PA449373,Directed,752,
PA164742986,PA449373,Directed,639,
PA449028,PA449373,Directed,336,
PA448497,PA451718,Directed,1144,
PA450555,PA164754755,Directed,1625,
PA450555,PA449011,Directed,1597,
PA450555,PA164742986,Directed,936,
PA450555,PA448486,Directed,341,
PA450555,PA449028,Directed,286,
PA450555,PA449422,Directed,220,
PA450555,PA448519,Directed,191,
PA164754755,PA450555,Directed,1741,
PA449011,PA450555,Directed,1552,
PA448486,PA450555,Directed,1055,
PA449422,PA450555,Directed,729,
PA448519,PA450555,Directed,717,
PA164742986,PA450555,Directed,609,
PA449028,PA450555,Directed,324,
00682,PA448871,Directed,934,
00682,PA451544,Directed,946,
00682,PA449653,Directed,1060,
PA450272,PA449653,Directed,589,
PA164747651,PA450132,Directed,1211,
PA450272,PA450132,Directed,550,
PA164747651,PA163522473,Directed,1369,
PA164747651,PA163522472,Directed,1367,
PA164747651,PA448422,Directed,1364,
PA164747651,PA449028,Directed,1149,
PA449422,PA449011,Directed,763,
PA449422,PA164754755,Directed,720,
PA449422,PA164742986,Directed,625,
PA449422,PA449028,Directed,386,
PA449422,PA448486,Directed,356,
PA449422,PA448519,Directed,320,
PA164754755,PA449422,Directed,1426,
PA448486,PA449422,Directed,1040,
PA164742986,PA449422,Directed,708,
PA449011,PA449422,Directed,224,
PA448519,PA449422,Directed,124,
PA449028,PA449422,Directed,122,
PA163522473,PA451249,Directed,1349,
PA163522473,PA164783809,Directed,1314,
PA450272,PA163522473,Directed,1242,
PA448422,PA451249,Directed,435,
PA448422,PA164783809,Directed,418,
PA450272,PA448422,Directed,1235,
PA450272,PA449334,Directed,1237,
00682,PA449982,Directed,935,
00682,PA10233,Directed,1069,
PA449028,PA164754755,Directed,349,
PA449028,PA449011,Directed,335,
PA449028,PA164742986,Directed,130,
PA449028,PA448519,Directed,92,
PA449028,PA448486,Directed,80,
PA164754755,PA449028,Directed,1244,
PA450272,PA449028,Directed,922,
PA448486,PA449028,Directed,754,
PA449011,PA449028,Directed,288,
PA448519,PA449028,Directed,105,
PA164742986,PA449028,Directed,97,
PA164742986,PA164754755,Directed,929,
PA164742986,PA449011,Directed,638,
PA164742986,PA448519,Directed,118,
PA164742986,PA448486,Directed,43,
PA164754755,PA164742986,Directed,1495,
PA449011,PA164742986,Directed,938,
PA448486,PA164742986,Directed,917,
PA448519,PA164742986,Directed,131,
PA163522472,PA164783809,Directed,1303,
PA164754755,PA449011,Directed,1743,
PA164754755,PA448519,Directed,1384,
PA164754755,PA448486,Directed,1224,
PA449011,PA164754755,Directed,1578,
PA448486,PA164754755,Directed,1077,
PA448519,PA164754755,Directed,701,
PA448519,PA449011,Directed,751,
PA448519,PA448486,Directed,87,
PA448486,PA448519,Directed,882,
PA449011,PA448519,Directed,193,
PA163522472,PA451249,Directed,1336,
PA450272,PA163522472,Directed,1261,
PA450272,PA451868,Directed,549,
00682,PA450272,Directed,947,
00682,PA449750,Directed,590,
00682,PA450730,Directed,1677,
PA448497,PA450947,Directed,995,
00682,PA449688,Directed,939,
PA448497,PA451846,Directed,526,
PA449011,PA448486,Directed,340,
PA448486,PA449011,Directed,1083,
00682,00749,Directed,1679,
00682,00573,Directed,1688,
